{ "frames": [
   {
    "filename": "doughnut_enemy 0.aseprite",
    "frame": { "x": 0, "y": 0, "w": 44, "h": 44 },
    "rotated": false,
    "trimmed": false,
    "spriteSourceSize": { "x": 0, "y": 0, "w": 44, "h": 44 },
    "sourceSize": { "w": 44, "h": 44 },
    "duration": 100
   },
   {
    "filename": "doughnut_enemy 1.aseprite",
    "frame": { "x": 44, "y": 0, "w": 44, "h": 44 },
    "rotated": false,
    "trimmed": false,
    "spriteSourceSize": { "x": 0, "y": 0, "w": 44, "h": 44 },
    "sourceSize": { "w": 44, "h": 44 },
    "duration": 100
   },
   {
    "filename": "doughnut_enemy 2.aseprite",
    "frame": { "x": 88, "y": 0, "w": 44, "h": 44 },
    "rotated": false,
    "trimmed": false,
    "spriteSourceSize": { "x": 0, "y": 0, "w": 44, "h": 44 },
    "sourceSize": { "w": 44, "h": 44 },
    "duration": 100
   },
   {
    "filename": "doughnut_enemy 3.aseprite",
    "frame": { "x": 132, "y": 0, "w": 44, "h": 44 },
    "rotated": false,
    "trimmed": false,
    "spriteSourceSize": { "x": 0, "y": 0, "w": 44, "h": 44 },
    "sourceSize": { "w": 44, "h": 44 },
    "duration": 100
   },
   {
    "filename": "doughnut_enemy 4.aseprite",
    "frame": { "x": 176, "y": 0, "w": 44, "h": 44 },
    "rotated": false,
    "trimmed": false,
    "spriteSourceSize": { "x": 0, "y": 0, "w": 44, "h": 44 },
    "sourceSize": { "w": 44, "h": 44 },
    "duration": 100
   }
 ],
 "meta": {
  "app": "https://www.aseprite.org/",
  "version": "1.2.30-x64",
  "image": "doughnut_enemy.png",
  "format": "RGBA8888",
  "size": { "w": 220, "h": 44 },
  "scale": "1",
  "frameTags": [
  ],
  "layers": [
   { "name": "Layer 1", "opacity": 255, "blendMode": "normal" }
  ],
  "slices": [
  ]
 }
}
