{ "frames": {
   "button 0.aseprite": {
    "frame": { "x": 0, "y": 0, "w": 20, "h": 20 },
    "rotated": false,
    "trimmed": false,
    "spriteSourceSize": { "x": 0, "y": 0, "w": 20, "h": 20 },
    "sourceSize": { "w": 20, "h": 20 },
    "duration": 100
   },
   "button 1.aseprite": {
    "frame": { "x": 20, "y": 0, "w": 20, "h": 20 },
    "rotated": false,
    "trimmed": false,
    "spriteSourceSize": { "x": 0, "y": 0, "w": 20, "h": 20 },
    "sourceSize": { "w": 20, "h": 20 },
    "duration": 100
   }
 },
 "meta": {
  "app": "http://www.aseprite.org/",
  "version": "1.2.25-x64",
  "image": "button_pink.png",
  "format": "RGBA8888",
  "size": { "w": 40, "h": 20 },
  "scale": "1",
  "frameTags": [
  ],
  "layers": [
   { "name": "Layer 1", "opacity": 255, "blendMode": "normal" }
  ],
  "slices": [
  ]
 }
}
